{"palette": {"11": [250, 109, 152], "10": [254, 255, 196], "13": [255, 255, 255], "12": [255, 170, 225], "14": [241, 72, 120], "1": [255, 162, 198], "0": [204, 130, 254], "3": [255, 194, 157], "2": [241, 243, 89], "5": [185, 243, 89], "4": [255, 141, 241], "7": [138, 201, 255], "6": [0, 0, 0], "9": [255, 239, 151], "8": [128, 243, 230]}, "pixel_map": [[-1, -1, -1, -1, -1, -1, -1, -1, -1, -1, -1, -1, -1, -1, -1, -1, -1, -1, -1, -1, -1, -1, -1, -1, -1, -1, -1, -1, -1, -1, -1, -1, -1, -1, -1, -1, -1, -1, -1, -1, -1, -1, -1, -1, -1, -1, -1, -1, -1, -1, -1, -1, -1, -1, -1, -1, -1, -1, -1, -1, -1, -1, -1, -1, -1, -1, -1, -1, -1, -1, -1, -1, -1, -1, -1, -1, -1, -1, -1, -1, -1, -1, -1, -1, -1, -1, -1, -1, -1, -1, -1, -1, -1, -1, -1, -1, -1, -1, -1, -1], [-1, -1, -1, -1, -1, -1, -1, -1, -1, -1, -1, -1, -1, -1, -1, -1, -1, -1, -1, -1, -1, -1, -1, -1, -1, -1, -1, -1, -1, -1, -1, -1, -1, -1, -1, -1, -1, -1, -1, -1, -1, -1, -1, -1, -1, -1, -1, -1, -1, -1, -1, -1, -1, -1, -1, -1, -1, -1, -1, -1, -1, -1, -1, -1, -1, -1, -1, -1, -1, -1, -1, -1, -1, -1, -1, -1, -1, -1, -1, -1, -1, -1, -1, -1, -1, -1, -1, -1, -1, -1, -1, -1, -1, -1, -1, -1, -1, -1, -1, -1], [-1, -1, -1, -1, -1, -1, -1, -1, -1, -1, -1, -1, -1, -1, -1, -1, -1, -1, -1, -1, -1, -1, -1, -1, -1, -1, -1, -1, -1, -1, -1, -1, -1, -1, -1, -1, -1, -1, -1, -1, -1, -1, -1, -1, -1, -1, -1, -1, -1, -1, -1, -1, -1, -1, -1, -1, -1, -1, -1, -1, -1, -1, -1, -1, -1, -1, -1, -1, -1, -1, -1, -1, -1, -1, -1, -1, -1, -1, -1, -1, -1, -1, -1, -1, -1, -1, -1, -1, -1, -1, -1, -1, -1, -1, -1, -1, -1, -1, -1, -1], [-1, -1, -1, -1, -1, -1, -1, -1, -1, -1, -1, -1, -1, -1, -1, -1, -1, -1, -1, -1, -1, -1, -1, -1, -1, -1, -1, -1, -1, -1, -1, -1, -1, -1, -1, -1, -1, -1, -1, -1, -1, -1, -1, -1, -1, -1, -1, -1, -1, -1, -1, -1, -1, -1, -1, -1, -1, -1, -1, -1, -1, -1, -1, -1, -1, -1, -1, -1, -1, -1, -1, -1, -1, -1, -1, -1, -1, -1, -1, -1, -1, -1, -1, -1, -1, -1, -1, -1, -1, -1, -1, -1, -1, -1, -1, -1, -1, -1, -1, -1], [-1, -1, -1, -1, -1, -1, -1, -1, -1, -1, -1, -1, -1, -1, -1, -1, -1, -1, -1, -1, -1, -1, -1, -1, -1, -1, -1, -1, -1, -1, -1, -1, -1, -1, -1, -1, -1, -1, -1, -1, -1, -1, -1, -1, -1, -1, -1, -1, -1, -1, -1, -1, -1, -1, -1, -1, -1, -1, -1, -1, -1, -1, -1, -1, -1, -1, -1, -1, -1, -1, -1, -1, -1, -1, -1, -1, -1, -1, -1, -1, -1, -1, -1, -1, -1, -1, -1, -1, -1, -1, -1, -1, -1, -1, -1, -1, -1, -1, -1, -1], [-1, -1, -1, -1, -1, -1, -1, -1, -1, -1, -1, -1, -1, -1, -1, -1, -1, -1, -1, -1, -1, -1, -1, -1, -1, -1, -1, -1, -1, -1, -1, -1, -1, -1, -1, -1, -1, -1, -1, -1, -1, -1, -1, -1, -1, -1, -1, -1, -1, -1, -1, -1, -1, -1, -1, -1, -1, -1, -1, -1, -1, -1, -1, -1, -1, -1, -1, -1, -1, -1, -1, -1, -1, -1, -1, -1, -1, -1, -1, -1, -1, -1, -1, -1, -1, -1, -1, -1, -1, -1, -1, -1, -1, -1, -1, -1, -1, -1, -1, -1], [-1, -1, -1, -1, -1, -1, -1, -1, -1, -1, -1, -1, -1, -1, -1, -1, -1, -1, -1, -1, -1, -1, -1, -1, -1, -1, -1, -1, -1, -1, -1, -1, -1, -1, -1, -1, -1, -1, -1, -1, -1, -1, -1, -1, -1, -1, -1, -1, -1, -1, -1, -1, -1, -1, -1, -1, -1, -1, -1, -1, -1, -1, -1, -1, -1, -1, -1, -1, -1, -1, -1, -1, -1, -1, -1, -1, -1, -1, -1, -1, -1, -1, -1, -1, -1, -1, -1, -1, -1, -1, -1, -1, -1, -1, -1, -1, -1, -1, -1, -1], [-1, -1, -1, -1, -1, -1, -1, -1, -1, -1, -1, -1, -1, -1, -1, -1, -1, -1, -1, -1, -1, -1, -1, -1, -1, -1, -1, -1, -1, -1, -1, -1, -1, -1, -1, -1, -1, -1, -1, -1, -1, -1, -1, -1, -1, -1, -1, -1, -1, -1, -1, -1, -1, -1, -1, -1, -1, -1, -1, -1, -1, -1, -1, -1, -1, -1, -1, -1, -1, -1, -1, -1, -1, -1, -1, -1, -1, -1, -1, -1, -1, -1, -1, -1, -1, -1, -1, -1, -1, -1, -1, -1, -1, -1, -1, -1, -1, -1, -1, -1], [-1, -1, -1, -1, -1, -1, -1, -1, -1, -1, -1, -1, -1, -1, -1, -1, -1, -1, -1, -1, -1, -1, -1, -1, -1, -1, -1, -1, -1, -1, -1, -1, -1, -1, -1, -1, -1, -1, -1, -1, -1, -1, -1, -1, -1, -1, -1, -1, -1, -1, -1, -1, -1, -1, -1, -1, -1, -1, -1, -1, -1, -1, -1, -1, -1, -1, -1, -1, -1, -1, -1, -1, -1, -1, -1, -1, -1, -1, -1, -1, -1, -1, -1, -1, -1, -1, -1, -1, -1, -1, -1, -1, -1, -1, -1, -1, -1, -1, -1, -1], [-1, -1, -1, -1, -1, -1, -1, -1, -1, -1, -1, -1, -1, -1, -1, -1, -1, -1, -1, -1, -1, -1, -1, -1, -1, -1, -1, -1, -1, -1, -1, -1, -1, -1, -1, -1, -1, -1, -1, -1, -1, -1, -1, -1, -1, -1, -1, -1, -1, -1, -1, -1, -1, -1, -1, -1, -1, -1, -1, -1, -1, -1, -1, -1, -1, -1, -1, -1, -1, -1, -1, -1, -1, -1, -1, -1, -1, -1, -1, -1, -1, -1, -1, -1, -1, -1, -1, -1, -1, -1, -1, -1, -1, -1, -1, -1, -1, -1, -1, -1], [-1, -1, -1, -1, -1, -1, -1, -1, -1, -1, -1, -1, -1, -1, -1, -1, -1, -1, -1, -1, -1, -1, -1, -1, -1, -1, -1, -1, -1, -1, -1, -1, -1, -1, -1, -1, -1, -1, -1, -1, -1, -1, -1, -1, -1, -1, -1, -1, -1, -1, -1, -1, -1, -1, -1, -1, -1, -1, -1, -1, -1, -1, -1, -1, -1, -1, -1, -1, -1, -1, -1, -1, -1, -1, -1, -1, -1, -1, -1, -1, -1, -1, -1, -1, -1, -1, -1, -1, -1, -1, -1, -1, -1, -1, -1, -1, -1, -1, -1, -1], [-1, -1, -1, -1, -1, -1, -1, -1, -1, -1, -1, -1, -1, -1, -1, -1, -1, -1, -1, -1, -1, -1, -1, -1, -1, -1, -1, -1, -1, -1, -1, -1, -1, -1, -1, -1, -1, -1, -1, -1, -1, -1, -1, -1, -1, -1, -1, -1, -1, -1, -1, -1, -1, -1, -1, -1, -1, -1, -1, -1, -1, -1, -1, -1, -1, -1, -1, -1, -1, -1, -1, -1, -1, -1, 6, 6, 6, -1, -1, -1, -1, -1, -1, -1, -1, -1, -1, -1, -1, -1, -1, -1, -1, -1, -1, -1, -1, -1, -1, -1], [-1, -1, -1, -1, -1, -1, -1, -1, -1, -1, -1, -1, -1, -1, -1, -1, -1, -1, -1, -1, -1, -1, -1, -1, -1, -1, -1, -1, -1, -1, -1, -1, -1, -1, -1, -1, -1, -1, -1, -1, -1, -1, -1, -1, -1, -1, -1, -1, -1, -1, -1, -1, -1, -1, -1, -1, -1, -1, -1, -1, -1, -1, -1, -1, -1, -1, -1, -1, -1, -1, -1, -1, -1, 6, 12, 12, 12, 6, -1, -1, -1, -1, -1, -1, -1, -1, -1, -1, -1, -1, -1, -1, -1, -1, -1, -1, -1, -1, -1, -1], [-1, -1, -1, -1, -1, -1, -1, -1, -1, -1, -1, -1, -1, -1, -1, -1, -1, -1, -1, -1, -1, -1, -1, -1, -1, -1, -1, -1, -1, -1, -1, -1, -1, -1, -1, -1, -1, -1, -1, -1, -1, -1, -1, -1, -1, -1, -1, -1, -1, -1, -1, -1, -1, -1, -1, -1, -1, -1, -1, -1, -1, -1, -1, -1, -1, -1, -1, -1, -1, -1, -1, -1, 6, 12, 12, 12, 12, 12, 6, -1, -1, -1, -1, -1, -1, -1, -1, -1, -1, -1, -1, -1, -1, -1, -1, -1, -1, -1, -1, -1], [-1, -1, -1, -1, -1, -1, -1, -1, -1, -1, -1, -1, -1, -1, -1, -1, -1, -1, -1, -1, -1, -1, -1, -1, -1, -1, -1, -1, -1, -1, -1, -1, -1, -1, -1, -1, -1, -1, -1, -1, -1, -1, -1, -1, -1, -1, -1, -1, -1, -1, -1, -1, -1, -1, -1, -1, -1, -1, -1, -1, -1, -1, -1, -1, -1, -1, -1, -1, -1, -1, -1, 6, 11, 11, 13, 12, 12, 12, 6, 6, 6, 6, -1, -1, -1, -1, -1, -1, -1, -1, -1, -1, -1, -1, -1, -1, -1, -1, -1, -1], [-1, -1, -1, -1, -1, -1, -1, -1, -1, -1, -1, -1, -1, -1, -1, -1, -1, -1, -1, -1, -1, -1, -1, -1, -1, -1, -1, -1, -1, -1, -1, -1, -1, -1, -1, -1, -1, -1, -1, -1, -1, -1, -1, -1, -1, -1, -1, -1, -1, -1, -1, -1, -1, -1, -1, -1, -1, -1, -1, -1, -1, -1, -1, -1, -1, -1, -1, -1, -1, -1, -1, 6, 11, 13, 11, 11, 12, 12, 6, 12, 12, 12, 6, -1, -1, -1, -1, -1, -1, -1, -1, -1, -1, -1, -1, -1, -1, -1, -1, -1], [-1, -1, -1, -1, -1, -1, -1, -1, -1, -1, -1, -1, -1, -1, -1, -1, -1, -1, -1, -1, -1, -1, -1, -1, -1, -1, -1, -1, -1, -1, -1, -1, -1, -1, -1, -1, -1, -1, -1, -1, -1, -1, -1, -1, -1, -1, -1, -1, -1, -1, -1, -1, -1, -1, -1, -1, -1, -1, -1, -1, -1, -1, -1, -1, -1, -1, -1, -1, -1, -1, -1, 6, 11, 11, 11, 11, 11, 12, 12, 12, 12, 12, 12, 6, -1, -1, -1, -1, -1, -1, -1, -1, -1, -1, -1, -1, -1, -1, -1, -1], [-1, -1, -1, -1, -1, -1, -1, -1, -1, -1, -1, -1, -1, -1, -1, -1, -1, -1, -1, -1, -1, -1, -1, -1, -1, -1, -1, -1, -1, -1, -1, -1, -1, -1, -1, -1, -1, -1, -1, -1, -1, -1, -1, -1, -1, -1, -1, -1, -1, -1, -1, -1, -1, -1, -1, -1, -1, -1, -1, -1, -1, -1, -1, -1, -1, -1, -1, -1, -1, -1, -1, 6, 11, 14, 11, 11, 11, 11, 12, 12, 12, 12, 12, 6, -1, -1, -1, -1, -1, -1, -1, -1, -1, -1, -1, -1, -1, -1, -1, -1], [-1, -1, -1, -1, -1, -1, -1, -1, -1, -1, -1, -1, -1, -1, -1, -1, -1, -1, -1, -1, -1, -1, -1, -1, -1, -1, -1, -1, -1, -1, -1, -1, -1, -1, -1, -1, -1, -1, -1, -1, -1, -1, -1, -1, -1, -1, -1, -1, -1, -1, -1, -1, -1, -1, -1, -1, -1, -1, -1, -1, -1, -1, -1, -1, -1, -1, -1, -1, -1, -1, -1, -1, 6, 14, 14, 11, 11, 11, 11, 11, 11, 12, 12, 6, -1, -1, -1, -1, -1, -1, -1, -1, -1, -1, -1, -1, -1, -1, -1, -1], [-1, -1, -1, -1, -1, -1, -1, -1, -1, 6, 6, 6, -1, -1, -1, -1, -1, -1, -1, -1, -1, -1, -1, -1, -1, -1, -1, -1, -1, -1, -1, -1, -1, -1, -1, -1, -1, -1, -1, -1, -1, -1, -1, -1, -1, -1, -1, -1, -1, -1, -1, -1, -1, -1, -1, -1, -1, -1, -1, -1, -1, -1, -1, -1, -1, -1, -1, -1, -1, -1, -1, -1, 6, 14, 14, 14, 11, 11, 11, 11, 11, 11, 12, 6, -1, -1, -1, -1, -1, -1, -1, -1, -1, -1, -1, -1, -1, -1, -1, -1], [-1, -1, -1, -1, -1, -1, -1, -1, -1, 6, 9, 9, 6, -1, -1, -1, -1, -1, -1, -1, -1, -1, -1, -1, -1, -1, -1, -1, -1, -1, -1, -1, -1, -1, -1, -1, 6, 6, 6, 6, 6, 6, 6, 6, 6, 6, 6, 6, 6, 6, 6, 6, 6, 6, -1, -1, -1, -1, -1, -1, -1, -1, -1, -1, -1, -1, -1, -1, -1, -1, -1, -1, 6, 14, 14, 14, 14, 14, 11, 11, 11, 11, 6, -1, -1, -1, -1, -1, -1, -1, -1, -1, -1, -1, -1, -1, -1, -1, -1, -1], [-1, -1, -1, -1, -1, -1, -1, -1, -1, 6, 9, 13, 9, 6, -1, -1, -1, -1, -1, -1, -1, -1, -1, -1, -1, -1, -1, -1, -1, -1, -1, 6, 6, 6, 6, 6, 3, 3, 3, 3, 3, 3, 3, 3, 3, 3, 3, 3, 3, 3, 3, 3, 3, 3, 6, 6, -1, -1, -1, -1, -1, -1, -1, -1, -1, -1, -1, -1, -1, -1, -1, -1, -1, 6, 14, 14, 14, 14, 14, 14, 6, 6, -1, -1, -1, -1, -1, -1, -1, -1, -1, -1, -1, -1, -1, -1, -1, -1, -1, -1], [-1, -1, -1, -1, -1, -1, -1, -1, -1, -1, 6, 9, 13, 13, 6, 6, -1, -1, -1, -1, -1, -1, -1, -1, -1, -1, -1, -1, -1, 6, 6, 3, 3, 4, 1, 1, 1, 1, 1, 1, 4, 1, 1, 1, 1, 1, 1, 1, 1, 1, 1, 1, 4, 3, 1, 3, 6, 6, 6, 6, -1, -1, -1, -1, -1, -1, -1, -1, -1, -1, -1, -1, -1, 6, 14, 14, 14, 6, 6, 6, -1, -1, -1, -1, -1, -1, -1, -1, -1, -1, -1, -1, -1, -1, -1, -1, -1, -1, -1, -1], [-1, -1, -1, -1, -1, -1, -1, -1, -1, -1, 6, 9, 9, 6, 9, 9, 6, -1, -1, -1, -1, -1, -1, -1, -1, -1, -1, 6, 6, 3, 1, 1, 1, 4, 1, 4, 4, 4, 1, 1, 1, 4, 1, 4, 1, 3, 1, 1, 1, 4, 3, 1, 1, 3, 3, 3, 3, 3, 8, 3, 6, 6, -1, -1, -1, -1, -1, -1, -1, -1, -1, -1, -1, 6, 6, 6, 6, -1, -1, -1, -1, -1, -1, -1, -1, -1, -1, -1, -1, -1, -1, -1, -1, -1, -1, -1, -1, -1, -1, -1], [-1, -1, -1, -1, -1, -1, -1, -1, -1, -1, -1, 6, 6, 9, 10, 13, 9, 6, -1, -1, -1, -1, -1, -1, -1, 6, 6, 3, 3, 1, 1, 1, 1, 1, 4, 4, 1, 1, 4, 1, 4, 4, 4, 1, 1, 1, 1, 1, 1, 1, 1, 4, 1, 1, 1, 8, 8, 8, 8, 8, 3, 8, 6, 6, -1, -1, -1, -1, -1, -1, -1, -1, -1, -1, -1, -1, -1, -1, -1, -1, -1, -1, -1, -1, -1, -1, -1, -1, -1, -1, -1, -1, -1, -1, -1, -1, -1, -1, -1, -1], [-1, -1, -1, -1, -1, -1, -1, -1, -1, -1, -1, -1, 6, 9, 10, 13, 13, 9, 6, -1, -1, -1, -1, -1, 6, 3, 3, 1, 1, 4, 4, 1, 4, 1, 1, 4, 4, 1, 4, 1, 4, 4, 1, 1, 1, 1, 1, 1, 1, 8, 1, 4, 4, 8, 4, 7, 8, 7, 7, 8, 8, 8, 8, 5, 6, -1, -1, -1, -1, -1, -1, -1, -1, -1, -1, -1, -1, -1, -1, -1, -1, -1, -1, -1, -1, -1, -1, -1, -1, -1, -1, -1, -1, -1, -1, -1, -1, -1, -1, -1], [-1, -1, -1, -1, -1, -1, -1, -1, -1, -1, -1, -1, 6, 9, 9, 10, 10, 13, 9, 6, 6, -1, -1, 6, 3, 1, 1, 1, 1, 4, 4, 1, 1, 1, 4, 1, 4, 1, 1, 1, 1, 4, 1, 4, 1, 4, 1, 1, 4, 4, 1, 1, 4, 4, 8, 8, 8, 7, 8, 8, 3, 8, 2, 8, 5, 6, 6, -1, -1, -1, -1, -1, -1, -1, -1, -1, -1, -1, -1, -1, -1, -1, -1, -1, -1, -1, -1, -1, -1, -1, -1, -1, -1, -1, -1, -1, -1, -1, -1, -1], [-1, -1, -1, -1, -1, -1, -1, -1, -1, -1, -1, -1, -1, 6, 9, 9, 10, 6, 6, 9, 9, 6, 6, 3, 3, 3, 1, 1, 1, 1, 4, 4, 1, 1, 1, 1, 1, 1, 4, 4, 1, 1, 1, 1, 1, 1, 1, 8, 1, 1, 8, 4, 8, 4, 7, 8, 7, 7, 8, 8, 8, 3, 8, 3, 8, 5, 5, 6, 6, -1, -1, -1, -1, -1, -1, -1, -1, -1, -1, -1, -1, -1, -1, -1, -1, -1, -1, -1, -1, -1, -1, -1, -1, -1, -1, -1, -1, -1, -1, -1], [-1, -1, -1, -1, -1, -1, -1, -1, -1, -1, -1, -1, -1, 6, 9, 9, 6, 9, 9, 10, 10, 10, 9, 6, 3, 3, 3, 1, 1, 1, 1, 1, 1, 1, 1, 1, 1, 1, 1, 1, 1, 1, 1, 1, 1, 1, 1, 1, 3, 1, 4, 8, 4, 7, 8, 8, 8, 7, 8, 8, 8, 8, 8, 8, 2, 8, 5, 5, 5, 6, -1, -1, -1, -1, -1, -1, -1, -1, -1, -1, -1, -1, -1, -1, -1, -1, -1, -1, -1, -1, -1, -1, -1, -1, -1, -1, -1, -1, -1, -1], [-1, -1, -1, -1, -1, -1, -1, -1, -1, -1, -1, -1, -1, -1, 6, 6, 9, 9, 10, 13, 13, 10, 6, 9, 6, 1, 3, 1, 1, 1, 1, 1, 1, 1, 1, 1, 1, 1, 1, 1, 1, 1, 1, 4, 1, 4, 1, 4, 3, 4, 1, 4, 7, 8, 8, 7, 8, 8, 8, 7, 8, 8, 3, 2, 5, 3, 2, 5, 5, 5, 6, 6, -1, -1, -1, -1, -1, -1, -1, -1, -1, -1, -1, -1, -1, -1, -1, -1, -1, -1, -1, -1, -1, -1, -1, -1, -1, -1, -1, -1], [-1, -1, -1, -1, -1, -1, -1, -1, -1, -1, -1, -1, -1, -1, 6, 9, 9, 10, 10, 10, 13, 6, 9, 10, 9, 6, 1, 1, 1, 1, 1, 1, 1, 1, 1, 1, 1, 1, 1, 1, 1, 1, 1, 4, 1, 4, 1, 4, 8, 1, 8, 8, 8, 8, 8, 8, 8, 8, 7, 7, 3, 2, 8, 2, 3, 3, 2, 5, 2, 5, 5, 5, 6, -1, -1, -1, -1, -1, -1, -1, -1, -1, -1, -1, -1, -1, -1, -1, -1, -1, -1, -1, -1, -1, -1, -1, -1, -1, -1, -1], [-1, -1, -1, -1, -1, -1, -1, -1, -1, -1, -1, -1, -1, -1, -1, 6, 9, 10, 10, 10, 6, 9, 10, 10, 10, 9, 6, 1, 1, 1, 1, 1, 1, 1, 1, 1, 1, 1, 1, 1, 1, 1, 1, 1, 1, 1, 4, 4, 8, 8, 4, 8, 8, 7, 7, 8, 8, 8, 8, 8, 8, 8, 2, 2, 3, 2, 2, 2, 2, 5, 5, 5, 5, 6, -1, -1, -1, -1, -1, -1, -1, -1, -1, -1, -1, -1, -1, -1, -1, -1, -1, -1, -1, -1, -1, -1, -1, -1, -1, -1], [-1, -1, -1, -1, -1, -1, -1, -1, -1, -1, -1, -1, -1, -1, 6, 6, 9, 9, 9, 6, 9, 10, 13, 13, 10, 10, 9, 6, 3, 1, 3, 1, 3, 1, 1, 1, 1, 1, 1, 1, 1, 1, 1, 1, 1, 8, 8, 1, 4, 8, 8, 4, 7, 8, 8, 8, 8, 8, 8, 8, 2, 3, 8, 3, 3, 3, 2, 2, 5, 2, 2, 5, 2, 5, 6, -1, -1, -1, -1, -1, -1, -1, -1, -1, -1, -1, -1, -1, -1, -1, -1, -1, -1, -1, -1, -1, -1, -1, -1, -1], [-1, -1, -1, -1, -1, -1, -1, -1, -1, -1, -1, -1, -1, 6, 8, 8, 6, 9, 6, 9, 10, 10, 13, 13, 13, 10, 10, 6, 3, 1, 1, 1, 1, 1, 1, 1, 3, 1, 1, 1, 1, 1, 4, 1, 1, 1, 4, 4, 8, 4, 7, 8, 8, 8, 8, 8, 8, 3, 8, 2, 3, 3, 3, 3, 2, 3, 2, 2, 2, 2, 2, 5, 5, 2, 5, 6, -1, -1, -1, -1, -1, -1, -1, -1, -1, -1, -1, -1, -1, -1, -1, -1, -1, -1, -1, -1, -1, -1, -1, -1], [-1, -1, -1, -1, -1, -1, -1, -1, -1, -1, -1, -1, -1, 6, 8, 8, 8, 6, 9, 10, 10, 10, 10, 13, 13, 9, 9, 6, 3, 3, 3, 1, 1, 3, 1, 1, 1, 1, 3, 4, 1, 1, 3, 1, 4, 4, 1, 4, 8, 8, 4, 8, 8, 8, 8, 8, 8, 8, 8, 3, 3, 3, 3, 2, 3, 2, 2, 2, 2, 2, 5, 2, 2, 5, 2, 5, 6, -1, -1, -1, -1, -1, -1, -1, -1, -1, -1, -1, -1, -1, -1, -1, -1, -1, -1, -1, -1, -1, -1, -1], [-1, -1, -1, -1, -1, -1, -1, -1, -1, -1, -1, -1, 6, 8, 7, 7, 8, 6, 9, 10, 10, 10, 10, 10, 9, 9, 6, 3, 3, 3, 1, 1, 3, 1, 3, 1, 1, 1, 1, 1, 1, 4, 1, 4, 4, 8, 4, 4, 8, 8, 8, 8, 8, 8, 8, 8, 8, 3, 3, 3, 3, 3, 3, 2, 2, 2, 5, 2, 2, 2, 2, 5, 2, 5, 5, 5, 6, -1, -1, -1, -1, -1, -1, -1, -1, -1, -1, -1, -1, -1, -1, -1, -1, -1, -1, -1, -1, -1, -1, -1], [-1, -1, -1, -1, -1, -1, -1, -1, -1, -1, -1, 6, 8, 0, 7, 7, 4, 0, 6, 9, 9, 10, 10, 10, 9, 6, 3, 3, 3, 1, 3, 3, 1, 3, 3, 1, 1, 4, 1, 1, 4, 1, 1, 1, 1, 4, 8, 8, 8, 8, 8, 8, 8, 8, 8, 3, 3, 8, 3, 3, 3, 3, 3, 2, 3, 2, 2, 2, 2, 2, 2, 2, 5, 2, 2, 5, 5, 6, -1, -1, -1, -1, -1, -1, -1, -1, -1, -1, -1, -1, -1, -1, -1, -1, -1, -1, -1, -1, -1, -1], [-1, -1, -1, -1, -1, -1, -1, -1, -1, -1, -1, 6, 7, 4, 0, 4, 0, 4, 6, 9, 9, 9, 9, 9, 6, 3, 1, 1, 1, 3, 3, 3, 3, 3, 1, 1, 3, 1, 1, 3, 3, 1, 1, 4, 8, 8, 8, 8, 8, 8, 8, 8, 8, 8, 3, 8, 8, 3, 3, 3, 3, 2, 3, 2, 2, 2, 2, 2, 2, 2, 2, 2, 2, 2, 2, 5, 2, 6, -1, -1, -1, -1, -1, -1, -1, -1, -1, -1, -1, -1, -1, -1, -1, -1, -1, -1, -1, -1, -1, -1], [-1, -1, -1, -1, -1, -1, -1, -1, -1, -1, 6, 8, 7, 7, 7, 7, 4, 0, 7, 6, 6, 6, 6, 6, 1, 1, 3, 1, 3, 1, 3, 3, 3, 3, 3, 1, 3, 4, 1, 1, 1, 4, 1, 8, 4, 8, 4, 8, 8, 8, 8, 8, 8, 8, 8, 8, 3, 3, 3, 3, 3, 3, 3, 2, 2, 2, 2, 2, 2, 2, 2, 2, 2, 2, 2, 2, 5, 5, 6, -1, -1, -1, -1, -1, -1, -1, -1, -1, -1, -1, -1, -1, -1, -1, -1, -1, -1, -1, -1, -1], [-1, -1, -1, -1, -1, -1, -1, -1, -1, -1, 6, 0, 7, 7, 7, 0, 7, 7, 4, 8, 4, 4, 1, 4, 4, 1, 1, 3, 1, 1, 1, 1, 3, 3, 1, 1, 1, 1, 4, 1, 1, 4, 8, 8, 8, 7, 4, 8, 8, 8, 8, 8, 8, 3, 8, 3, 3, 3, 3, 3, 3, 3, 2, 2, 2, 2, 2, 2, 2, 2, 2, 2, 2, 2, 2, 2, 2, 5, 6, -1, -1, -1, -1, -1, -1, -1, -1, -1, -1, -1, -1, -1, -1, -1, -1, -1, -1, -1, -1, -1], [-1, -1, -1, -1, -1, -1, -1, -1, -1, 6, 8, 7, 0, 7, 0, 4, 4, 4, 4, 4, 4, 4, 4, 4, 1, 3, 1, 3, 1, 3, 3, 3, 1, 3, 1, 1, 1, 3, 1, 4, 4, 3, 4, 7, 7, 7, 7, 7, 7, 8, 8, 8, 4, 4, 4, 3, 3, 3, 3, 3, 3, 2, 3, 2, 2, 2, 2, 2, 2, 2, 2, 2, 2, 2, 2, 2, 5, 5, 5, 6, -1, -1, -1, -1, -1, -1, -1, -1, -1, -1, -1, 6, 6, 6, -1, -1, -1, -1, -1, -1], [-1, -1, -1, -1, -1, -1, -1, -1, -1, 6, 7, 7, 0, 0, 4, 0, 4, 4, 4, 4, 4, 4, 4, 4, 1, 1, 1, 1, 4, 1, 3, 1, 3, 1, 3, 4, 1, 4, 4, 8, 4, 7, 4, 7, 7, 7, 7, 7, 8, 8, 4, 8, 4, 4, 3, 3, 3, 3, 3, 3, 3, 2, 2, 2, 2, 2, 2, 2, 2, 2, 2, 2, 2, 2, 2, 5, 2, 2, 5, 6, -1, -1, -1, -1, -1, -1, -1, -1, -1, 6, 6, 2, 2, 2, 6, -1, -1, -1, -1, -1], [-1, -1, -1, -1, -1, -1, -1, -1, 6, 0, 0, 0, 7, 7, 0, 4, 0, 4, 4, 4, 4, 0, 4, 4, 1, 4, 4, 1, 4, 3, 1, 3, 1, 1, 1, 3, 1, 4, 4, 7, 7, 8, 7, 7, 7, 7, 8, 7, 7, 4, 8, 4, 8, 4, 1, 1, 3, 3, 3, 3, 2, 3, 2, 3, 2, 3, 2, 2, 2, 2, 2, 2, 2, 2, 2, 2, 2, 5, 5, 5, 6, -1, -1, -1, -1, -1, -1, 6, 6, 2, 2, 2, 5, 5, 5, 6, -1, -1, -1, -1], [-1, -1, -1, -1, -1, -1, -1, -1, 6, 0, 7, 4, 0, 0, 0, 0, 0, 4, 4, 0, 4, 4, 0, 4, 1, 4, 4, 4, 1, 4, 1, 1, 1, 1, 1, 1, 1, 8, 7, 7, 7, 7, 7, 7, 7, 7, 7, 4, 4, 8, 8, 4, 4, 4, 3, 3, 3, 3, 3, 3, 3, 3, 2, 2, 2, 2, 2, 2, 2, 2, 2, 2, 2, 2, 2, 2, 5, 2, 5, 5, 6, -1, -1, -1, -1, -1, 6, 2, 5, 2, 5, 5, 5, 5, 5, 6, -1, -1, -1, -1], [-1, -1, -1, -1, -1, -1, -1, -1, 6, 7, 0, 0, 0, 0, 7, 0, 4, 4, 0, 4, 0, 4, 4, 4, 1, 4, 1, 4, 1, 3, 4, 3, 1, 3, 1, 1, 7, 7, 7, 7, 7, 7, 7, 7, 7, 7, 7, 7, 4, 4, 4, 8, 4, 4, 1, 3, 1, 3, 3, 2, 3, 3, 2, 2, 3, 2, 3, 2, 2, 2, 2, 2, 2, 2, 2, 2, 5, 5, 2, 5, 6, -1, -1, -1, -1, 6, 2, 2, 5, 2, 5, 5, 5, 5, 5, 6, -1, -1, -1, -1], [-1, -1, -1, -1, -1, -1, -1, 6, 7, 0, 0, 4, 0, 0, 0, 0, 0, 0, 4, 0, 0, 4, 0, 4, 1, 4, 4, 1, 1, 4, 1, 1, 1, 1, 1, 1, 1, 0, 7, 1, 7, 7, 7, 7, 8, 7, 7, 4, 8, 4, 4, 4, 4, 4, 1, 3, 3, 3, 3, 3, 3, 2, 3, 2, 2, 2, 2, 2, 2, 3, 2, 2, 2, 2, 2, 2, 5, 2, 2, 5, 2, 6, -1, -1, 6, 2, 5, 5, 5, 5, 5, 5, 5, 5, 5, 6, -1, -1, -1, -1], [-1, -1, -1, -1, -1, -1, -1, 6, 7, 0, 0, 0, 0, 0, 0, 4, 0, 0, 4, 0, 0, 4, 4, 4, 4, 4, 4, 4, 4, 4, 1, 3, 1, 3, 1, 0, 1, 7, 7, 7, 7, 7, 7, 7, 7, 4, 4, 4, 4, 4, 4, 4, 4, 4, 3, 3, 3, 1, 3, 3, 3, 2, 3, 2, 2, 2, 2, 2, 2, 2, 2, 2, 2, 2, 2, 2, 5, 5, 5, 5, 2, 6, -1, 6, 5, 5, 5, 2, 5, 5, 5, 5, 5, 5, 5, 6, -1, -1, -1, -1], [-1, -1, -1, -1, -1, -1, -1, 6, 0, 0, 4, 0, 0, 0, 0, 0, 0, 0, 0, 0, 4, 0, 4, 0, 0, 4, 4, 4, 1, 4, 1, 4, 1, 1, 1, 1, 0, 7, 7, 0, 7, 7, 7, 7, 7, 8, 4, 8, 4, 4, 4, 4, 4, 4, 1, 1, 3, 3, 3, 3, 3, 3, 2, 2, 3, 3, 2, 2, 2, 2, 2, 2, 2, 2, 2, 2, 2, 2, 2, 5, 2, 2, 6, 6, 5, 2, 5, 5, 5, 5, 5, 5, 5, 5, 6, -1, -1, -1, -1, -1], [-1, -1, -1, -1, -1, -1, -1, 6, 0, 1, 0, 0, 0, 0, 4, 0, 4, 0, 0, 4, 0, 0, 0, 4, 4, 4, 4, 4, 1, 4, 1, 1, 1, 1, 0, 7, 1, 7, 0, 7, 8, 7, 7, 7, 7, 4, 4, 8, 4, 4, 4, 4, 4, 4, 3, 1, 3, 3, 3, 3, 3, 2, 3, 2, 2, 3, 2, 2, 2, 2, 2, 2, 2, 2, 2, 2, 2, 5, 2, 5, 5, 2, 2, 2, 5, 5, 5, 5, 5, 5, 5, 5, 5, 6, -1, -1, -1, -1, -1, -1], [-1, -1, -1, -1, -1, -1, 6, 7, 0, 0, 0, 0, 0, 0, 0, 0, 0, 0, 4, 4, 0, 4, 4, 0, 4, 4, 1, 4, 1, 1, 1, 1, 3, 1, 1, 0, 7, 7, 7, 7, 7, 8, 7, 8, 8, 8, 4, 4, 4, 4, 4, 4, 4, 1, 1, 3, 3, 3, 3, 3, 2, 3, 2, 2, 2, 2, 2, 2, 2, 2, 2, 2, 2, 2, 2, 2, 2, 5, 2, 2, 5, 5, 5, 5, 5, 5, 5, 5, 5, 5, 5, 5, 5, 6, -1, -1, -1, -1, -1, -1], [-1, -1, -1, -1, -1, -1, 6, 0, 0, 0, 0, 0, 0, 0, 0, 0, 0, 0, 0, 0, 4, 0, 0, 0, 4, 4, 4, 4, 4, 4, 4, 1, 1, 1, 1, 7, 7, 1, 7, 7, 8, 8, 8, 8, 8, 4, 4, 4, 4, 4, 4, 4, 4, 4, 1, 3, 3, 3, 3, 3, 3, 2, 2, 3, 3, 3, 2, 2, 2, 2, 2, 2, 2, 2, 2, 2, 5, 5, 5, 2, 2, 5, 5, 5, 5, 5, 5, 5, 5, 5, 5, 5, 6, -1, -1, -1, -1, -1, -1, -1], [-1, -1, -1, -1, -1, -1, 6, 0, 1, 0, 0, 0, 4, 0, 0, 0, 4, 0, 0, 0, 0, 0, 0, 4, 0, 0, 4, 4, 4, 4, 1, 1, 1, 1, 0, 0, 7, 7, 7, 7, 8, 8, 7, 8, 8, 8, 4, 8, 8, 4, 4, 4, 4, 3, 1, 1, 3, 3, 3, 3, 2, 3, 2, 2, 2, 3, 2, 3, 2, 2, 2, 2, 2, 2, 2, 2, 5, 2, 2, 2, 5, 2, 5, 5, 5, 5, 5, 5, 5, 5, 5, 6, -1, -1, -1, -1, -1, -1, -1, -1], [-1, -1, -1, -1, -1, -1, 6, 0, 0, 0, 0, 0, 0, 0, 0, 0, 0, 0, 4, 0, 4, 0, 0, 0, 4, 4, 4, 0, 4, 4, 4, 1, 1, 1, 1, 1, 0, 7, 7, 7, 8, 8, 8, 7, 8, 8, 4, 4, 4, 4, 4, 3, 1, 1, 1, 3, 3, 3, 3, 3, 3, 3, 2, 3, 3, 3, 2, 2, 2, 2, 2, 2, 2, 2, 2, 2, 2, 5, 5, 2, 5, 5, 5, 5, 5, 5, 5, 5, 5, 5, 5, 5, 6, -1, -1, -1, -1, -1, -1, -1], [-1, -1, -1, -1, -1, 6, 7, 0, 0, 0, 0, 0, 0, 0, 0, 0, 0, 0, 0, 0, 0, 0, 4, 0, 4, 0, 4, 4, 4, 4, 4, 1, 1, 1, 7, 0, 7, 7, 6, 6, 6, 7, 7, 7, 8, 4, 8, 4, 4, 4, 4, 1, 4, 3, 1, 3, 1, 3, 3, 3, 3, 3, 3, 2, 3, 3, 2, 2, 2, 2, 2, 2, 2, 2, 2, 5, 5, 5, 5, 5, 5, 5, 5, 5, 5, 5, 5, 5, 5, 5, 5, 5, 5, 6, -1, -1, -1, -1, -1, -1], [-1, -1, -1, -1, -1, 6, 0, 0, 0, 0, 0, 0, 0, 4, 0, 0, 0, 0, 0, 4, 4, 0, 0, 4, 0, 4, 0, 4, 4, 4, 4, 1, 1, 0, 0, 0, 0, 6, 6, 6, 13, 6, 7, 7, 7, 4, 4, 4, 4, 4, 4, 1, 1, 1, 3, 3, 3, 3, 3, 3, 3, 2, 2, 2, 3, 2, 2, 2, 2, 2, 2, 2, 2, 2, 5, 5, 2, 5, 5, 5, 5, 5, 5, 5, 5, 5, 5, 5, 5, 5, 5, 5, 5, 5, 6, -1, -1, -1, -1, -1], [-1, -1, -1, -1, -1, 6, 0, 0, 1, 0, 0, 0, 0, 0, 0, 0, 0, 4, 0, 0, 0, 0, 4, 4, 0, 4, 4, 0, 4, 0, 4, 0, 1, 4, 7, 0, 7, 6, 6, 6, 6, 6, 7, 7, 7, 8, 4, 4, 4, 1, 4, 1, 1, 1, 1, 3, 1, 3, 3, 3, 2, 3, 2, 3, 2, 2, 2, 2, 2, 2, 2, 2, 2, 2, 2, 2, 5, 5, 5, 5, 5, 5, 5, 5, 5, 5, 5, 5, 5, 5, 5, 5, 5, 5, 5, 6, -1, -1, -1, -1], [-1, -1, -1, -1, -1, 6, 1, 0, 0, 0, 0, 0, 0, 0, 0, 0, 0, 0, 0, 0, 0, 0, 0, 0, 0, 0, 4, 4, 4, 0, 4, 4, 4, 4, 0, 4, 0, 0, 6, 6, 6, 7, 0, 7, 7, 4, 4, 4, 1, 3, 1, 3, 1, 1, 1, 1, 3, 3, 3, 3, 3, 3, 3, 3, 2, 3, 2, 2, 2, 2, 2, 2, 2, 5, 5, 5, 5, 5, 5, 5, 5, 5, 5, 5, 5, 5, 5, 5, 5, 5, 5, 5, 5, 5, 5, 6, -1, -1, -1, -1], [-1, -1, -1, -1, -1, 6, 0, 0, 0, 0, 6, 6, 6, 0, 0, 0, 0, 0, 0, 0, 0, 0, 4, 4, 4, 4, 0, 0, 0, 4, 0, 4, 0, 4, 0, 4, 0, 0, 4, 7, 0, 7, 7, 0, 7, 7, 1, 1, 1, 4, 1, 1, 1, 3, 1, 3, 3, 3, 3, 3, 2, 2, 2, 2, 2, 3, 2, 2, 2, 2, 2, 2, 2, 5, 2, 5, 5, 5, 5, 5, 5, 5, 5, 5, 5, 5, 5, 5, 5, 5, 5, 5, 5, 5, 5, 5, 6, -1, -1, -1], [-1, -1, -1, -1, -1, 6, 0, 0, 0, 6, 6, 6, 13, 6, 0, 0, 0, 0, 0, 0, 4, 0, 0, 0, 0, 0, 4, 0, 4, 0, 4, 4, 0, 0, 0, 0, 0, 7, 7, 7, 7, 0, 7, 8, 1, 3, 1, 3, 1, 1, 1, 3, 1, 1, 1, 1, 3, 1, 3, 3, 2, 3, 2, 2, 2, 2, 2, 2, 2, 2, 2, 2, 5, 2, 5, 5, 5, 5, 5, 5, 5, 5, 5, 5, 2, 5, 2, 5, 5, 5, 5, 5, 5, 5, 5, 5, 6, -1, -1, -1], [-1, -1, -1, -1, -1, 6, 0, 0, 0, 6, 6, 6, 6, 6, 0, 0, 0, 0, 0, 0, 0, 0, 0, 4, 0, 0, 0, 0, 0, 0, 0, 0, 4, 0, 0, 0, 7, 0, 7, 7, 0, 7, 7, 8, 1, 1, 1, 1, 1, 1, 1, 1, 1, 1, 3, 1, 3, 3, 3, 3, 3, 3, 3, 2, 3, 3, 2, 2, 2, 2, 2, 2, 5, 5, 5, 5, 5, 5, 5, 5, 5, 5, 5, 5, 6, 6, 6, 5, 5, 5, 5, 5, 5, 5, 5, 5, 6, -1, -1, -1], [-1, -1, -1, -1, -1, 6, 0, 0, 0, 0, 6, 6, 6, 0, 0, 0, 0, 0, 0, 0, 0, 0, 0, 0, 0, 0, 0, 4, 0, 0, 4, 0, 0, 0, 0, 0, 0, 0, 7, 0, 7, 7, 7, 1, 7, 3, 1, 1, 1, 1, 1, 1, 1, 1, 1, 1, 1, 1, 3, 3, 3, 3, 2, 2, 2, 2, 2, 2, 2, 2, 5, 2, 5, 2, 5, 5, 5, 5, 5, 5, 5, 5, 5, 5, 6, -1, -1, 6, 2, 5, 5, 5, 5, 5, 5, 6, -1, -1, -1, -1], [-1, -1, -1, -1, -1, 6, 0, 0, 1, 0, 0, 0, 0, 0, 0, 0, 7, 0, 4, 0, 0, 0, 4, 0, 0, 4, 0, 6, 0, 0, 0, 0, 7, 0, 7, 0, 0, 0, 0, 7, 7, 8, 8, 8, 1, 1, 1, 1, 3, 1, 1, 1, 1, 1, 3, 1, 3, 3, 3, 3, 3, 3, 2, 3, 2, 2, 2, 2, 2, 2, 2, 2, 2, 5, 2, 5, 5, 2, 5, 5, 5, 5, 5, 5, 6, -1, -1, -1, 6, 6, 5, 5, 5, 5, 6, -1, -1, -1, -1, -1], [-1, -1, -1, -1, -1, 6, 0, 0, 0, 0, 0, 0, 0, 4, 0, 0, 0, 0, 0, 0, 0, 0, 0, 0, 0, 0, 0, 6, 0, 7, 0, 0, 0, 0, 0, 0, 7, 0, 7, 7, 8, 8, 1, 8, 8, 1, 1, 1, 1, 1, 3, 1, 1, 1, 1, 1, 1, 3, 3, 3, 2, 3, 3, 3, 2, 2, 2, 2, 2, 2, 2, 2, 5, 5, 5, 5, 5, 5, 5, 5, 5, 5, 5, 2, 6, -1, -1, -1, -1, -1, 6, 6, 6, 6, -1, -1, -1, -1, -1, -1], [-1, -1, -1, -1, -1, 6, 0, 0, 0, 0, 0, 0, 0, 0, 0, 0, 0, 7, 0, 0, 4, 0, 0, 0, 6, 6, 6, 0, 0, 0, 0, 0, 7, 7, 0, 7, 0, 7, 0, 7, 7, 8, 7, 8, 1, 1, 1, 1, 1, 1, 1, 1, 1, 1, 1, 1, 3, 1, 3, 3, 3, 3, 3, 2, 2, 2, 2, 2, 2, 2, 2, 2, 2, 5, 5, 5, 5, 5, 5, 5, 5, 5, 5, 6, -1, -1, -1, -1, -1, -1, -1, -1, -1, -1, -1, -1, -1, -1, -1, -1], [-1, -1, -1, -1, -1, 6, 0, 0, 0, 0, 0, 0, 0, 0, 0, 0, 0, 0, 0, 0, 0, 7, 0, 0, 0, 0, 0, 0, 0, 0, 0, 7, 0, 0, 7, 0, 7, 7, 7, 8, 7, 7, 7, 1, 8, 1, 3, 3, 1, 1, 1, 3, 1, 1, 3, 1, 3, 3, 3, 3, 3, 2, 2, 3, 2, 3, 2, 2, 2, 2, 2, 2, 5, 5, 5, 5, 5, 2, 5, 5, 5, 5, 5, 6, -1, -1, -1, -1, -1, -1, -1, -1, -1, -1, -1, -1, -1, -1, -1, -1], [-1, -1, -1, -1, -1, 6, 0, 0, 4, 0, 0, 0, 0, 0, 0, 0, 0, 7, 0, 0, 0, 0, 0, 0, 7, 0, 0, 0, 0, 0, 7, 0, 0, 7, 0, 7, 7, 0, 7, 7, 7, 7, 8, 1, 1, 1, 1, 1, 1, 6, 1, 1, 1, 1, 1, 3, 1, 3, 3, 3, 3, 3, 3, 2, 2, 2, 2, 2, 2, 2, 2, 2, 2, 2, 5, 5, 5, 5, 5, 5, 5, 5, 5, 6, -1, -1, -1, -1, -1, -1, -1, -1, -1, -1, -1, -1, -1, -1, -1, -1], [-1, -1, -1, -1, -1, 6, 0, 0, 0, 0, 0, 0, 0, 0, 0, 0, 0, 0, 0, 0, 0, 0, 0, 0, 0, 0, 0, 7, 0, 0, 0, 0, 7, 0, 7, 7, 7, 7, 7, 8, 7, 1, 1, 1, 6, 3, 1, 3, 1, 6, 1, 1, 1, 1, 3, 3, 3, 3, 3, 3, 3, 3, 2, 2, 3, 2, 2, 2, 2, 2, 2, 2, 2, 2, 2, 2, 5, 5, 2, 5, 2, 5, 5, 6, -1, -1, -1, -1, -1, -1, -1, -1, -1, -1, -1, -1, -1, -1, -1, -1], [-1, -1, -1, -1, -1, 6, 4, 0, 4, 0, 4, 0, 0, 0, 0, 0, 0, 4, 0, 0, 0, 0, 0, 0, 0, 7, 0, 0, 7, 0, 7, 7, 0, 7, 0, 7, 7, 8, 7, 7, 8, 8, 1, 1, 6, 1, 1, 1, 3, 6, 1, 1, 1, 1, 1, 3, 3, 1, 3, 3, 3, 2, 3, 2, 3, 2, 2, 2, 2, 2, 2, 2, 2, 2, 5, 5, 5, 5, 5, 5, 5, 5, 6, -1, -1, -1, -1, -1, -1, -1, -1, -1, -1, -1, -1, -1, -1, -1, -1, -1], [-1, -1, -1, -1, -1, -1, 6, 0, 0, 0, 0, 0, 4, 0, 0, 0, 0, 0, 0, 0, 0, 0, 0, 7, 0, 0, 0, 7, 0, 7, 7, 0, 7, 0, 8, 7, 7, 7, 8, 7, 7, 8, 1, 1, 1, 6, 1, 3, 1, 6, 1, 1, 1, 3, 3, 3, 3, 3, 3, 3, 3, 3, 3, 3, 2, 2, 2, 2, 2, 2, 2, 2, 2, 2, 2, 2, 5, 2, 5, 2, 5, 5, 6, -1, -1, -1, -1, -1, -1, -1, -1, -1, -1, -1, -1, -1, -1, -1, -1, -1], [-1, -1, -1, -1, -1, -1, 6, 4, 0, 0, 0, 0, 0, 0, 0, 4, 0, 0, 0, 0, 4, 0, 0, 0, 0, 7, 0, 0, 0, 7, 0, 7, 8, 7, 7, 7, 8, 7, 8, 8, 1, 8, 1, 1, 1, 6, 1, 1, 6, 1, 1, 1, 1, 1, 1, 3, 3, 3, 3, 3, 3, 3, 3, 2, 3, 2, 2, 2, 2, 2, 2, 2, 2, 2, 2, 5, 5, 5, 5, 5, 5, 5, 6, -1, -1, -1, -1, -1, -1, -1, -1, -1, -1, -1, -1, -1, -1, -1, -1, -1], [-1, -1, -1, -1, -1, -1, 6, 6, 0, 0, 4, 0, 0, 4, 0, 0, 0, 0, 0, 0, 0, 0, 0, 0, 0, 0, 0, 7, 0, 0, 7, 0, 7, 7, 8, 7, 7, 8, 8, 8, 8, 1, 1, 1, 1, 1, 6, 3, 6, 1, 1, 1, 1, 3, 3, 3, 1, 3, 3, 3, 3, 3, 2, 3, 2, 2, 2, 2, 2, 2, 2, 2, 2, 2, 2, 2, 5, 5, 5, 5, 5, 6, -1, -1, -1, -1, -1, -1, -1, -1, -1, -1, -1, -1, -1, -1, -1, -1, -1, -1], [-1, -1, -1, -1, -1, 6, 0, 6, 4, 4, 4, 0, 0, 0, 4, 0, 0, 0, 4, 0, 0, 0, 0, 0, 0, 0, 4, 7, 0, 7, 0, 7, 7, 7, 7, 7, 7, 7, 7, 7, 1, 4, 4, 1, 1, 1, 1, 6, 1, 1, 1, 1, 3, 1, 3, 3, 3, 3, 3, 3, 3, 3, 3, 3, 3, 2, 3, 2, 2, 2, 2, 2, 2, 2, 2, 2, 2, 5, 5, 5, 5, 6, -1, -1, -1, -1, -1, -1, -1, -1, -1, -1, -1, -1, -1, -1, -1, -1, -1, -1], [-1, -1, -1, -1, -1, 6, 0, 0, 6, 4, 4, 4, 0, 4, 0, 0, 0, 0, 0, 0, 0, 4, 0, 4, 0, 0, 0, 7, 0, 0, 7, 8, 7, 7, 7, 8, 7, 8, 4, 4, 1, 1, 4, 4, 1, 4, 1, 1, 1, 1, 1, 1, 1, 3, 1, 3, 1, 3, 3, 3, 3, 3, 3, 2, 3, 2, 2, 2, 2, 2, 2, 2, 2, 2, 5, 2, 5, 5, 5, 5, 6, -1, -1, -1, -1, -1, -1, -1, -1, -1, -1, -1, -1, -1, -1, -1, -1, -1, -1, -1], [-1, -1, -1, -1, -1, 6, 4, 0, 6, 4, 4, 0, 4, 0, 0, 4, 0, 0, 4, 0, 0, 0, 0, 0, 7, 0, 0, 7, 0, 7, 0, 0, 7, 0, 7, 7, 7, 7, 8, 4, 4, 8, 1, 1, 1, 1, 1, 1, 1, 1, 1, 1, 1, 3, 3, 3, 3, 3, 3, 3, 3, 3, 3, 3, 3, 2, 2, 2, 2, 2, 2, 2, 2, 2, 2, 5, 5, 5, 5, 5, 6, -1, -1, -1, -1, -1, -1, -1, -1, -1, -1, -1, -1, -1, -1, -1, -1, -1, -1, -1], [-1, -1, -1, -1, -1, 6, 4, 4, 0, 6, 4, 4, 0, 4, 0, 0, 0, 0, 0, 0, 0, 0, 0, 0, 0, 0, 0, 0, 0, 0, 7, 0, 7, 0, 7, 0, 8, 4, 1, 8, 1, 4, 4, 4, 1, 1, 1, 1, 1, 1, 3, 1, 3, 3, 3, 3, 3, 1, 3, 3, 3, 2, 3, 2, 3, 2, 2, 3, 2, 2, 2, 2, 2, 2, 5, 5, 2, 5, 5, 6, -1, -1, -1, -1, -1, -1, -1, -1, -1, -1, -1, -1, -1, -1, -1, -1, -1, -1, -1, -1], [-1, -1, -1, -1, -1, 6, 4, 4, 4, 0, 6, 4, 4, 4, 0, 4, 0, 4, 0, 4, 0, 0, 4, 0, 0, 0, 7, 0, 0, 7, 0, 7, 0, 7, 0, 7, 0, 0, 1, 1, 1, 1, 1, 1, 4, 1, 1, 1, 1, 1, 1, 1, 1, 3, 1, 3, 3, 3, 3, 3, 3, 3, 3, 3, 2, 2, 2, 2, 2, 2, 2, 2, 2, 2, 5, 2, 5, 5, 5, 6, -1, -1, -1, -1, -1, -1, -1, -1, -1, -1, -1, -1, -1, -1, -1, -1, -1, -1, -1, -1], [-1, -1, -1, -1, -1, 6, 4, 4, 4, 6, 6, 4, 4, 0, 4, 0, 0, 0, 0, 0, 0, 0, 0, 0, 0, 0, 0, 0, 0, 0, 0, 7, 7, 0, 7, 0, 7, 4, 4, 1, 0, 4, 4, 1, 1, 1, 1, 1, 1, 3, 3, 1, 1, 3, 3, 3, 3, 3, 3, 3, 3, 2, 3, 2, 3, 2, 3, 2, 2, 2, 2, 2, 2, 2, 5, 5, 5, 5, 6, -1, -1, -1, -1, -1, -1, -1, -1, -1, -1, -1, -1, -1, -1, -1, -1, -1, -1, -1, -1, -1], [-1, -1, -1, -1, -1, -1, 6, 6, 6, -1, -1, 6, 4, 4, 0, 4, 0, 0, 4, 0, 0, 4, 7, 0, 7, 0, 0, 7, 0, 0, 0, 0, 0, 0, 7, 4, 0, 1, 0, 1, 1, 4, 1, 1, 1, 3, 1, 1, 3, 1, 1, 3, 3, 3, 3, 3, 3, 3, 3, 3, 3, 3, 2, 3, 3, 2, 2, 2, 2, 2, 2, 2, 2, 2, 2, 5, 5, 6, -1, -1, -1, -1, -1, -1, -1, -1, -1, -1, -1, -1, -1, -1, -1, -1, -1, -1, -1, -1, -1, -1], [-1, -1, -1, -1, -1, -1, -1, -1, -1, -1, -1, 6, 4, 4, 0, 0, 0, 0, 0, 4, 0, 0, 0, 0, 0, 0, 0, 0, 0, 7, 0, 0, 7, 4, 0, 0, 0, 4, 1, 1, 4, 1, 1, 1, 1, 1, 1, 1, 1, 1, 1, 3, 3, 3, 3, 3, 3, 3, 3, 3, 3, 3, 2, 3, 2, 2, 2, 2, 2, 2, 2, 2, 5, 2, 5, 5, 5, 6, -1, -1, -1, -1, -1, -1, -1, -1, -1, -1, -1, -1, -1, -1, -1, -1, -1, -1, -1, -1, -1, -1], [-1, -1, -1, -1, -1, -1, -1, -1, -1, -1, -1, -1, 6, 0, 0, 4, 0, 4, 0, 0, 7, 0, 7, 0, 0, 7, 0, 0, 0, 0, 0, 0, 0, 0, 4, 0, 4, 1, 1, 4, 4, 1, 1, 1, 1, 1, 1, 1, 3, 1, 1, 1, 3, 1, 3, 3, 3, 3, 3, 3, 3, 3, 3, 3, 2, 2, 2, 2, 2, 2, 2, 2, 2, 5, 5, 2, 6, -1, -1, -1, -1, -1, -1, -1, -1, -1, -1, -1, -1, -1, -1, -1, -1, -1, -1, -1, -1, -1, -1, -1], [-1, -1, -1, -1, -1, -1, -1, -1, -1, -1, -1, -1, -1, 6, 4, 0, 0, 0, 0, 0, 0, 0, 0, 0, 0, 0, 0, 0, 4, 0, 4, 0, 4, 0, 4, 1, 0, 1, 4, 1, 4, 1, 1, 1, 1, 1, 1, 1, 3, 3, 1, 3, 1, 3, 3, 3, 3, 3, 3, 2, 3, 3, 2, 2, 2, 2, 3, 2, 2, 2, 5, 2, 5, 2, 5, 6, -1, -1, -1, -1, -1, -1, -1, -1, -1, -1, -1, -1, -1, -1, -1, -1, -1, -1, -1, -1, -1, -1, -1, -1], [-1, -1, -1, -1, -1, -1, -1, -1, -1, -1, -1, -1, -1, -1, 6, 0, 4, 0, 0, 7, 0, 0, 0, 0, 0, 0, 0, 0, 7, 0, 0, 0, 0, 4, 0, 4, 1, 0, 4, 1, 1, 1, 1, 1, 1, 1, 3, 1, 1, 1, 1, 3, 3, 3, 3, 3, 3, 3, 3, 3, 3, 3, 3, 2, 2, 2, 2, 2, 2, 2, 2, 5, 5, 5, 6, -1, -1, -1, -1, -1, -1, -1, -1, -1, -1, -1, -1, -1, -1, -1, -1, -1, -1, -1, -1, -1, -1, -1, -1, -1], [-1, -1, -1, -1, -1, -1, -1, -1, -1, -1, -1, -1, -1, -1, -1, 6, 0, 0, 0, 0, 0, 0, 0, 0, 0, 0, 0, 0, 0, 0, 4, 7, 4, 0, 1, 1, 1, 1, 4, 1, 1, 1, 1, 1, 1, 1, 1, 1, 3, 1, 3, 1, 3, 3, 3, 3, 3, 3, 3, 3, 2, 3, 2, 2, 2, 2, 2, 2, 2, 5, 2, 5, 2, 6, -1, -1, -1, -1, -1, -1, -1, -1, -1, -1, -1, -1, -1, -1, -1, -1, -1, -1, -1, -1, -1, -1, -1, -1, -1, -1], [-1, -1, -1, -1, -1, -1, -1, -1, -1, -1, -1, -1, -1, -1, -1, -1, 6, 7, 0, 0, 0, 0, 7, 0, 0, 1, 0, 0, 0, 0, 7, 4, 0, 0, 4, 0, 4, 0, 1, 1, 1, 1, 1, 1, 1, 3, 1, 1, 3, 3, 3, 3, 3, 3, 3, 3, 3, 3, 3, 2, 2, 3, 2, 2, 2, 2, 5, 2, 5, 2, 5, 5, 6, -1, -1, -1, -1, -1, -1, -1, -1, -1, -1, -1, -1, -1, -1, -1, -1, -1, -1, -1, -1, -1, -1, -1, -1, -1, -1, -1], [-1, -1, -1, -1, -1, -1, -1, -1, -1, -1, -1, -1, -1, -1, -1, -1, -1, 6, 7, 0, 0, 0, 0, 0, 0, 0, 0, 0, 4, 0, 4, 0, 4, 4, 0, 1, 4, 1, 1, 0, 1, 1, 1, 1, 1, 1, 1, 3, 1, 3, 3, 3, 3, 3, 3, 3, 3, 2, 3, 2, 3, 3, 2, 5, 2, 5, 2, 2, 5, 5, 6, 6, -1, -1, -1, -1, -1, -1, -1, -1, -1, -1, -1, -1, -1, -1, -1, -1, -1, -1, -1, -1, -1, -1, -1, -1, -1, -1, -1, -1], [-1, -1, -1, -1, -1, -1, -1, -1, -1, -1, -1, -1, -1, -1, -1, -1, -1, -1, 6, 6, 7, 0, 0, 0, 0, 0, 0, 4, 0, 0, 0, 0, 4, 1, 4, 1, 4, 0, 1, 1, 1, 1, 1, 1, 3, 1, 3, 1, 3, 3, 3, 3, 3, 3, 3, 3, 3, 2, 3, 2, 2, 2, 2, 2, 2, 5, 2, 2, 6, 6, -1, -1, -1, -1, -1, -1, -1, -1, -1, -1, -1, -1, -1, -1, -1, -1, -1, -1, -1, -1, -1, -1, -1, -1, -1, -1, -1, -1, -1, -1], [-1, -1, -1, -1, -1, -1, -1, -1, -1, -1, -1, -1, -1, -1, -1, -1, -1, -1, -1, -1, 6, 7, 0, 0, 0, 0, 0, 0, 0, 4, 1, 4, 0, 4, 1, 0, 1, 4, 1, 1, 1, 3, 1, 1, 3, 3, 3, 3, 1, 3, 3, 3, 3, 2, 2, 2, 2, 2, 2, 2, 2, 5, 2, 2, 5, 5, 6, 6, -1, -1, -1, -1, -1, -1, -1, -1, -1, -1, -1, -1, -1, -1, -1, -1, -1, -1, -1, -1, -1, -1, -1, -1, -1, -1, -1, -1, -1, -1, -1, -1], [-1, -1, -1, -1, -1, -1, -1, -1, -1, -1, -1, -1, -1, -1, -1, -1, -1, -1, -1, -1, -1, 6, 6, 6, 7, 7, 0, 0, 0, 4, 0, 4, 4, 1, 0, 1, 1, 1, 1, 1, 1, 1, 1, 3, 3, 3, 3, 3, 3, 3, 3, 2, 3, 3, 3, 3, 3, 2, 2, 5, 2, 2, 2, 5, 5, 6, 6, -1, -1, -1, -1, -1, -1, -1, -1, -1, -1, -1, -1, -1, -1, -1, -1, -1, -1, -1, -1, -1, -1, -1, -1, -1, -1, -1, -1, -1, -1, -1, -1, -1], [-1, -1, -1, -1, -1, -1, -1, -1, -1, -1, -1, -1, -1, -1, -1, -1, -1, -1, -1, -1, -1, -1, -1, -1, 6, 6, 6, 4, 4, 4, 1, 1, 0, 1, 4, 1, 0, 1, 1, 3, 1, 3, 1, 3, 3, 3, 3, 3, 3, 2, 3, 2, 3, 2, 2, 2, 5, 5, 2, 5, 5, 6, 6, 6, 6, -1, -1, -1, -1, -1, -1, -1, -1, -1, -1, -1, -1, -1, -1, -1, -1, -1, -1, -1, -1, -1, -1, -1, -1, -1, -1, -1, -1, -1, -1, -1, -1, -1, -1, -1], [-1, -1, -1, -1, -1, -1, -1, -1, -1, -1, -1, -1, -1, -1, -1, -1, -1, -1, -1, -1, -1, -1, -1, -1, -1, -1, -1, 6, 6, 6, 0, 0, 1, 1, 0, 1, 1, 1, 1, 1, 3, 3, 3, 3, 3, 3, 2, 2, 2, 3, 2, 3, 3, 2, 2, 2, 2, 2, 6, 6, 6, -1, -1, -1, -1, -1, -1, -1, -1, -1, -1, -1, -1, -1, -1, -1, -1, -1, -1, -1, -1, -1, -1, -1, -1, -1, -1, -1, -1, -1, -1, -1, -1, -1, -1, -1, -1, -1, -1, -1], [-1, -1, -1, -1, -1, -1, -1, -1, -1, -1, -1, -1, -1, -1, -1, -1, -1, -1, -1, -1, -1, -1, -1, -1, -1, -1, -1, -1, -1, -1, 6, 6, 6, 6, 1, 1, 3, 3, 1, 3, 3, 3, 3, 3, 3, 2, 2, 2, 2, 2, 2, 2, 2, 2, 6, 6, 6, 6, -1, -1, -1, -1, -1, -1, -1, -1, -1, -1, -1, -1, -1, -1, -1, -1, -1, -1, -1, -1, -1, -1, -1, -1, -1, -1, -1, -1, -1, -1, -1, -1, -1, -1, -1, -1, -1, -1, -1, -1, -1, -1], [-1, -1, -1, -1, -1, -1, -1, -1, -1, -1, -1, -1, -1, -1, -1, -1, -1, -1, -1, -1, -1, -1, -1, -1, -1, -1, -1, -1, -1, -1, -1, -1, -1, -1, 6, 6, 6, 6, 6, 6, 6, 6, 6, 6, 6, 6, 6, 6, 6, 6, 6, 6, 6, 6, -1, -1, -1, -1, -1, -1, -1, -1, -1, -1, -1, -1, -1, -1, -1, -1, -1, -1, -1, -1, -1, -1, -1, -1, -1, -1, -1, -1, -1, -1, -1, -1, -1, -1, -1, -1, -1, -1, -1, -1, -1, -1, -1, -1, -1, -1], [-1, -1, -1, -1, -1, -1, -1, -1, -1, -1, -1, -1, -1, -1, -1, -1, -1, -1, -1, -1, -1, -1, -1, -1, -1, -1, -1, -1, -1, -1, -1, -1, -1, -1, -1, -1, -1, -1, -1, -1, -1, -1, -1, -1, -1, -1, -1, -1, -1, -1, -1, -1, -1, -1, -1, -1, -1, -1, -1, -1, -1, -1, -1, -1, -1, -1, -1, -1, -1, -1, -1, -1, -1, -1, -1, -1, -1, -1, -1, -1, -1, -1, -1, -1, -1, -1, -1, -1, -1, -1, -1, -1, -1, -1, -1, -1, -1, -1, -1, -1], [-1, -1, -1, -1, -1, -1, -1, -1, -1, -1, -1, -1, -1, -1, -1, -1, -1, -1, -1, -1, -1, -1, -1, -1, -1, -1, -1, -1, -1, -1, -1, -1, -1, -1, -1, -1, -1, -1, -1, -1, -1, -1, -1, -1, -1, -1, -1, -1, -1, -1, -1, -1, -1, -1, -1, -1, -1, -1, -1, -1, -1, -1, -1, -1, -1, -1, -1, -1, -1, -1, -1, -1, -1, -1, -1, -1, -1, -1, -1, -1, -1, -1, -1, -1, -1, -1, -1, -1, -1, -1, -1, -1, -1, -1, -1, -1, -1, -1, -1, -1], [-1, -1, -1, -1, -1, -1, -1, -1, -1, -1, -1, -1, -1, -1, -1, -1, -1, -1, -1, -1, -1, -1, -1, -1, -1, -1, -1, -1, -1, -1, -1, -1, -1, -1, -1, -1, -1, -1, -1, -1, -1, -1, -1, -1, -1, -1, -1, -1, -1, -1, -1, -1, -1, -1, -1, -1, -1, -1, -1, -1, -1, -1, -1, -1, -1, -1, -1, -1, -1, -1, -1, -1, -1, -1, -1, -1, -1, -1, -1, -1, -1, -1, -1, -1, -1, -1, -1, -1, -1, -1, -1, -1, -1, -1, -1, -1, -1, -1, -1, -1], [-1, -1, -1, -1, -1, -1, -1, -1, -1, -1, -1, -1, -1, -1, -1, -1, -1, -1, -1, -1, -1, -1, -1, -1, -1, -1, -1, -1, -1, -1, -1, -1, -1, -1, -1, -1, -1, -1, -1, -1, -1, -1, -1, -1, -1, -1, -1, -1, -1, -1, -1, -1, -1, -1, -1, -1, -1, -1, -1, -1, -1, -1, -1, -1, -1, -1, -1, -1, -1, -1, -1, -1, -1, -1, -1, -1, -1, -1, -1, -1, -1, -1, -1, -1, -1, -1, -1, -1, -1, -1, -1, -1, -1, -1, -1, -1, -1, -1, -1, -1], [-1, -1, -1, -1, -1, -1, -1, -1, -1, -1, -1, -1, -1, -1, -1, -1, -1, -1, -1, -1, -1, -1, -1, -1, -1, -1, -1, -1, -1, -1, -1, -1, -1, -1, -1, -1, -1, -1, -1, -1, -1, -1, -1, -1, -1, -1, -1, -1, -1, -1, -1, -1, -1, -1, -1, -1, -1, -1, -1, -1, -1, -1, -1, -1, -1, -1, -1, -1, -1, -1, -1, -1, -1, -1, -1, -1, -1, -1, -1, -1, -1, -1, -1, -1, -1, -1, -1, -1, -1, -1, -1, -1, -1, -1, -1, -1, -1, -1, -1, -1], [-1, -1, -1, -1, -1, -1, -1, -1, -1, -1, -1, -1, -1, -1, -1, -1, -1, -1, -1, -1, -1, -1, -1, -1, -1, -1, -1, -1, -1, -1, -1, -1, -1, -1, -1, -1, -1, -1, -1, -1, -1, -1, -1, -1, -1, -1, -1, -1, -1, -1, -1, -1, -1, -1, -1, -1, -1, -1, -1, -1, -1, -1, -1, -1, -1, -1, -1, -1, -1, -1, -1, -1, -1, -1, -1, -1, -1, -1, -1, -1, -1, -1, -1, -1, -1, -1, -1, -1, -1, -1, -1, -1, -1, -1, -1, -1, -1, -1, -1, -1], [-1, -1, -1, -1, -1, -1, -1, -1, -1, -1, -1, -1, -1, -1, -1, -1, -1, -1, -1, -1, -1, -1, -1, -1, -1, -1, -1, -1, -1, -1, -1, -1, -1, -1, -1, -1, -1, -1, -1, -1, -1, -1, -1, -1, -1, -1, -1, -1, -1, -1, -1, -1, -1, -1, -1, -1, -1, -1, -1, -1, -1, -1, -1, -1, -1, -1, -1, -1, -1, -1, -1, -1, -1, -1, -1, -1, -1, -1, -1, -1, -1, -1, -1, -1, -1, -1, -1, -1, -1, -1, -1, -1, -1, -1, -1, -1, -1, -1, -1, -1], [-1, -1, -1, -1, -1, -1, -1, -1, -1, -1, -1, -1, -1, -1, -1, -1, -1, -1, -1, -1, -1, -1, -1, -1, -1, -1, -1, -1, -1, -1, -1, -1, -1, -1, -1, -1, -1, -1, -1, -1, -1, -1, -1, -1, -1, -1, -1, -1, -1, -1, -1, -1, -1, -1, -1, -1, -1, -1, -1, -1, -1, -1, -1, -1, -1, -1, -1, -1, -1, -1, -1, -1, -1, -1, -1, -1, -1, -1, -1, -1, -1, -1, -1, -1, -1, -1, -1, -1, -1, -1, -1, -1, -1, -1, -1, -1, -1, -1, -1, -1]]}